,Day,Country_Region,Last_Update,Lat,Long_,Confirmed,Deaths,Recovered,Active,Combined_Key,Incident_Rate,Case_Fatality_Ratio
0,01-01-2021,Germany,2021-01-02 05:22:33,52.52,13.405,97649,1277,78947.0,17425.0,"Berlin, Germany",2679.112802641333,1.3077450869952585
1,01-02-2021,Germany,2021-01-03 05:22:52,52.52,13.405,98109,1285,79296.0,17528.0,"Berlin, Germany",2691.733432542459,1.3097677073459109
2,01-03-2021,Germany,2021-01-04 05:22:02,52.52,13.405,98765,1305,80457.0,17003.0,"Berlin, Germany",2709.731548227542,1.3213182807674784
3,01-04-2021,Germany,2021-01-05 05:21:49,52.52,13.405,99536,1327,81536.0,16673.0,"Berlin, Germany",2730.8848213879073,1.3331859829609387
4,01-05-2021,Germany,2021-01-06 05:22:16,52.52,13.405,100771,1390,82837.0,16544.0,"Berlin, Germany",2764.7684690572332,1.3793650951166507
5,01-06-2021,Germany,2021-01-07 05:22:03,52.52,13.405,102077,1445,84112.0,16520.0,"Berlin, Germany",2800.6000835156465,1.4155980289389385
6,01-07-2021,Germany,2021-01-08 05:22:42,52.52,13.405,103646,1487,85203.0,16956.0,"Berlin, Germany",2843.647405939269,1.4346911602956216
7,01-08-2021,Germany,2021-01-09 05:22:18,52.52,13.405,105125,1547,86037.0,17541.0,"Berlin, Germany",2884.2254746865833,1.4715814506539833
8,01-09-2021,Germany,2021-01-10 05:22:12,52.52,13.405,105857,1560,86643.0,17654.0,"Berlin, Germany",2904.308737920548,1.4736861993066117
9,01-10-2021,Germany,2021-01-11 05:21:50,52.52,13.405,106197,1565,88003.0,16629.0,"Berlin, Germany",2913.6370295865972,1.4736762808742243
10,01-11-2021,Germany,2021-01-12 05:22:15,52.52,13.405,107233,1591,89036.0,16606.0,"Berlin, Germany",2942.060883016089,1.4836850596364926
11,01-12-2021,Germany,2021-01-13 05:22:15,52.52,13.405,108303,1635,90530.0,16138.0,"Berlin, Germany",2971.4175656121856,1.509653472202986
12,01-13-2021,Germany,2021-01-14 05:22:32,52.52,13.405,109569,1711,91830.0,16028.0,"Berlin, Germany",3006.1517339922398,1.5615730726756656
13,01-14-2021,Germany,2021-01-15 05:22:24,52.52,13.405,110747,1755,93003.0,15989.0,"Berlin, Germany",3038.471520999905,1.584693039089095
14,01-15-2021,Germany,2021-01-16 05:22:40,52.52,13.405,111737,1800,93262.0,16675.0,"Berlin, Germany",3065.633311439284,1.6109256557809857
15,01-16-2021,Germany,2021-01-17 05:22:17,52.52,13.405,112232,1822,93823.0,16587.0,"Berlin, Germany",3079.2142066589736,1.6234229096870767
16,01-17-2021,Germany,2021-01-18 05:22:34,52.52,13.405,112516,1833,95600.0,15083.0,"Berlin, Germany",3087.006073815321,1.6291016388780262
17,01-18-2021,Germany,2021-01-19 05:22:15,52.52,13.405,113060,1860,95722.0,15478.0,"Berlin, Germany",3101.9313404809996,1.6451441712365116
18,01-19-2021,Germany,2021-01-20 05:21:54,52.52,13.405,113884,1918,98093.0,13873.0,"Berlin, Germany",3124.53872969519,1.684169857047522
19,01-20-2021,Germany,2021-01-21 05:22:01,52.52,13.405,114616,1957,99001.0,13658.0,"Berlin, Germany",3144.621992929155,1.7074404969637746
20,01-21-2021,Germany,2021-01-22 05:22:10,52.52,13.405,115517,1996,99675.0,13846.0,"Berlin, Germany",3169.341965844186,1.7278842075192395
21,01-22-2021,Germany,2021-01-23 05:22:03,52.52,13.405,116132,2021,100596.0,13515.0,"Berlin, Germany",3186.215199298952,1.740261082216788
22,01-23-2021,Germany,2021-01-24 05:22:35,52.52,13.405,116595,2039,101197.0,13359.0,"Berlin, Germany",3198.918137655954,1.7487885415326558
23,01-24-2021,Germany,2021-01-25 05:22:16,52.52,13.405,116755,2040,102085.0,12630.0,"Berlin, Germany",3203.307921969389,1.7472485118410346
24,01-25-2021,Germany,2021-01-26 05:22:02,52.52,13.405,117124,2067,102879.0,12178.0,"Berlin, Germany",3213.4318620422478,1.7647962842799083
25,01-26-2021,Germany,2021-01-27 05:23:41,52.52,13.405,117557,2101,103721.0,11735.0,"Berlin, Germany",3225.3117158404816,1.7872181154673903
26,01-27-2021,Germany,2021-01-28 05:22:24,52.52,13.405,118447,2164,103721.0,12562.0,"Berlin, Germany",3249.729891083964,1.8269774667150709
27,01-28-2021,Germany,2021-01-29 05:22:23,52.52,13.405,118955,2198,105033.0,11724.0,"Berlin, Germany",3263.66745627912,1.8477575553780838
28,01-29-2021,Germany,2021-01-30 05:22:49,52.52,13.405,119506,2235,105113.0,12158.0,"Berlin, Germany",3278.784776008512,1.8701989858249797
29,01-30-2021,Germany,2021-01-31 05:22:42,52.52,13.405,119844,2268,106086.0,11490.0,"Berlin, Germany",3288.0581953706433,1.8924601982577351
30,01-31-2021,Germany,2021-02-01 05:22:53,52.52,13.405,119937,2276,106105.0,11556.0,"Berlin, Germany",3290.609757502828,1.8976629397100144
31,02-01-2021,Germany,2021-02-02 05:22:49,52.52,13.405,120397,2295,107650.0,10452.0,"Berlin, Germany",3303.230387403953,1.9061936759221576
32,02-02-2021,Germany,2021-02-03 05:22:52,52.52,13.405,120750,2328,108540.0,9882.0,"Berlin, Germany",3312.9153490454687,1.927950310559006
33,02-03-2021,Germany,2021-02-04 05:22:26,52.52,13.405,121399,2376,109552.0,9471.0,"Berlin, Germany",3330.7214116668397,1.9571825138592576
34,02-04-2021,Germany,2021-02-05 05:22:38,52.52,13.405,121878,2420,110416.0,9042.0,"Berlin, Germany",3343.8633284551856,1.985592149526576
35,02-05-2021,Germany,2021-02-06 05:23:55,52.52,13.405,122229,2454,110818.0,8957.0,"Berlin, Germany",3353.493417792783,2.007706845347667
36,02-06-2021,Germany,2021-02-07 05:23:00,52.52,13.405,122456,2467,111145.0,8844.0,"Berlin, Germany",3359.721424287469,2.0146011628666622
37,02-07-2021,Germany,2021-02-08 05:22:39,52.52,13.405,122606,2471,112023.0,8112.0,"Berlin, Germany",3363.8368470813148,2.015398920118102
38,02-08-2021,Germany,2021-02-09 05:23:30,52.52,13.405,122890,2486,112038.0,8366.0,"Berlin, Germany",3371.628714237662,2.0229473512897718
39,02-09-2021,Germany,2021-02-10 05:22:41,52.52,13.405,123192,2507,113443.0,7242.0,"Berlin, Germany",3379.91443212927,2.035034742515748
40,02-10-2021,Germany,2021-02-11 05:23:55,52.52,13.405,123735,2556,114028.0,7151.0,"Berlin, Germany",3394.812262642991,2.0657049339313858
41,02-11-2021,Germany,2021-02-12 05:23:29,52.52,13.405,124134,2574,114773.0,6787.0,"Berlin, Germany",3405.759287274619,2.073565662912659
42,02-12-2021,Germany,2021-02-13 05:22:12,52.52,13.405,124518,2598,115124.0,6796.0,"Berlin, Germany",3416.294769626863,2.086445333204838
43,02-13-2021,Germany,2021-02-14 05:23:43,52.52,13.405,124719,2605,115338.0,6776.0,"Berlin, Germany",3421.8094361706158,2.0886953872304943
44,02-14-2021,Germany,2021-02-15 05:24:49,52.52,13.405,124790,2609,115881.0,6300.0,"Berlin, Germany",3423.757402959702,2.0907123968266688
45,02-15-2021,Germany,2021-02-16 05:24:38,52.52,13.405,124987,2620,116510.0,5857.0,"Berlin, Germany",3429.1623248956193,2.096218006672694
46,02-16-2021,Germany,2021-02-17 05:23:10,52.52,13.405,125299,2645,117094.0,5560.0,"Berlin, Germany",3437.722404306817,2.110950606150089
47,02-17-2021,Germany,2021-02-18 05:22:58,52.52,13.405,125736,2671,117577.0,5488.0,"Berlin, Germany",3449.712002712887,2.1242921677164848
48,02-18-2021,Germany,2021-02-19 05:24:16,52.52,13.405,126211,2703,118071.0,5437.0,"Berlin, Germany",3462.744174893397,2.1416516785383206
49,02-19-2021,Germany,2021-02-20 05:22:51,52.52,13.405,126583,2721,118431.0,5431.0,"Berlin, Germany",3472.950423422133,2.14957774740684
50,02-20-2021,Germany,2021-02-21 05:24:33,52.52,13.405,126835,2728,118666.0,5441.0,"Berlin, Germany",3479.864333715793,2.1508258761382897
51,02-21-2021,Germany,2021-02-22 05:24:21,52.52,13.405,126908,2729,119154.0,5025.0,"Berlin, Germany",3481.8671728087984,2.1503766508021562
52,02-22-2021,Germany,2021-02-23 05:23:41,52.52,13.405,127196,2741,119576.0,4879.0,"Berlin, Germany",3489.768784572981,2.1549419793075253
53,02-23-2021,Germany,2021-02-24 05:29:16,52.52,13.405,127486,2767,119919.0,4800.0,"Berlin, Germany",3497.725268641082,2.17043440064007
54,02-24-2021,Germany,2021-02-25 05:24:57,52.52,13.405,127940,2781,120254.0,4905.0,"Berlin, Germany",3510.1812816304537,2.173675160231358
55,02-25-2021,Germany,2021-02-26 05:22:40,52.52,13.405,128446,2805,120315.0,5326.0,"Berlin, Germany",7036.4950206127805,2.183797082042259
56,02-26-2021,Germany,2021-02-27 05:22:28,52.52,13.405,128946,2814,120864.0,5268.0,"Berlin, Germany",3537.782050501177,2.1823088734819227
57,02-27-2021,Germany,2021-02-28 05:22:20,52.52,13.405,129257,2818,121073.0,5366.0,"Berlin, Germany",3546.314693760416,2.1801527190016787
58,02-28-2021,Germany,2021-03-01 05:23:01,52.52,13.405,129360,2818,121566.0,4976.0,"Berlin, Germany",3549.140617412189,2.1784168212739643
59,03-01-2021,Germany,2021-03-02 05:23:30,52.52,13.405,129604,2825,121584.0,5195.0,"Berlin, Germany",3555.8350384901782,2.1797166754112527
60,03-02-2021,Germany,2021-03-03 05:23:28,52.52,13.405,130087,2850,122319.0,4918.0,"Berlin, Germany",3569.0866998863594,2.1908415137561787
61,03-03-2021,Germany,2021-03-04 05:24:24,52.52,13.405,130533,2862,122739.0,4932.0,"Berlin, Germany",3581.3232236600593,2.192549010595022
62,03-04-2021,Germany,2021-03-05 05:26:29,52.52,13.405,131141,2874,123172.0,5095.0,"Berlin, Germany",3598.0044040511125,2.1915343027733507
63,03-05-2021,Germany,2021-03-06 04:23:41,52.52,13.405,131556,2889,123489.0,5178.0,"Berlin, Germany",3609.390407114085,2.19602298640883
64,03-06-2021,Germany,2021-03-07 05:21:54,52.52,13.405,131866,2892,123652.0,5322.0,"Berlin, Germany",3617.8956142213647,2.193135455689867
65,03-07-2021,Germany,2021-03-08 05:24:48,52.52,13.405,131976,2894,124030.0,5052.0,"Berlin, Germany",3620.913590936852,2.1928229375037884
66,03-08-2021,Germany,2021-03-09 05:28:19,52.52,13.405,132064,2895,124444.0,4725.0,"Berlin, Germany",3623.3279723092405,2.192118972619336
67,03-09-2021,Germany,2021-03-10 05:24:35,52.52,13.405,132352,2902,124843.0,4607.0,"Berlin, Germany",3631.229584073424,2.192637814313346
68,03-10-2021,Germany,2021-03-11 05:25:48,52.52,13.405,132841,2918,125226.0,4697.0,"Berlin, Germany",3644.645862381359,2.196610986066049
69,03-11-2021,Germany,2021-03-12 05:26:50,52.52,13.405,133394,2928,125710.0,4756.0,"Berlin, Germany",3659.8180544146694,2.195001274420139
70,03-12-2021,Germany,2021-03-13 05:25:15,52.52,13.405,134038,2933,125978.0,5127.0,"Berlin, Germany",3677.486936276245,2.1881854399498653
71,03-13-2021,Germany,2021-03-14 05:25:37,52.52,13.405,134543,2934,126042.0,5567.0,"Berlin, Germany",3691.342193015524,2.1807154589982383
72,03-14-2021,Germany,2021-03-15 05:25:51,52.52,13.405,134755,2934,126579.0,5242.0,"Berlin, Germany",3697.158657230825,2.17728470186635
73,03-15-2021,Germany,2021-03-16 05:25:13,52.52,13.405,135121,2942,126977.0,5202.0,"Berlin, Germany",3707.200288847808,2.1773077463902726
74,03-16-2021,Germany,2021-03-17 05:25:07,52.52,13.405,135785,2947,127430.0,5408.0,"Berlin, Germany",3725.417893748563,2.170342821372022
75,03-17-2021,Germany,2021-03-18 05:26:22,52.52,13.405,136409,2956,127503.0,5950.0,"Berlin, Germany",3742.538052570959,2.1670124405281177
76,03-18-2021,Germany,2021-03-19 05:26:09,52.52,13.405,137040,2967,128226.0,5847.0,"Berlin, Germany",3759.850264457069,2.165061295971979
77,03-19-2021,Germany,2021-03-20 05:25:46,52.52,13.405,137934,2985,128582.0,6367.0,"Berlin, Germany",3784.378184308386,2.164078472312845
78,03-20-2021,Germany,2021-03-21 05:25:44,52.52,13.405,138220,2991,128804.0,6425.0,"Berlin, Germany",3792.224923768652,2.163941542468528
79,03-21-2021,Germany,2021-03-22 05:25:43,52.52,13.405,138439,2992,129243.0,6204.0,"Berlin, Germany",3798.233441047666,2.1612406908457875
80,03-22-2021,Germany,2021-03-23 05:26:18,52.52,13.405,138984,2998,129774.0,6212.0,"Berlin, Germany",3813.186143865304,2.1570828296782363
81,03-23-2021,Germany,2021-03-24 05:25:40,52.52,13.405,139735,3011,130292.0,6432.0,"Berlin, Germany",3833.7906939864893,2.1547930010376786
82,03-24-2021,Germany,2021-03-25 05:27:00,52.52,13.405,141007,3023,130825.0,7159.0,"Berlin, Germany",3868.6894792782973,2.1438651981816506
83,03-25-2021,Germany,2021-03-26 05:26:55,52.52,13.405,142014,3026,131396.0,7592.0,"Berlin, Germany",3896.317684300979,2.1307758390017884
84,03-26-2021,Germany,2021-03-27 05:25:04,52.52,13.405,142987,3030,131782.0,8175.0,"Berlin, Germany",3923.0130601570563,2.119073761950387
85,03-27-2021,Germany,2021-03-28 05:28:10,52.52,13.405,143722,3036,132099.0,8587.0,"Berlin, Germany",3943.1786318468976,2.1124114610150158
86,03-28-2021,Germany,2021-03-29 04:28:35,52.52,13.405,144018,3039,132704.0,8275.0,"Berlin, Germany",3951.2997328267516,2.1101528975544723
87,03-29-2021,Germany,2021-03-30 04:26:23,52.52,13.405,144593,3043,133222.0,8328.0,"Berlin, Germany",3967.075520203159,2.1045278817093496
88,03-30-2021,Germany,2021-03-31 04:26:25,52.52,13.405,145256,3047,133800.0,8409.0,"Berlin, Germany",3985.265688951955,2.097675827504544
89,03-31-2021,Germany,2021-04-01 04:27:05,52.52,13.405,146268,3055,134400.0,8813.0,"Berlin, Germany",4013.031074734432,2.088631826510241
90,04-01-2021,Germany,2021-04-02 04:20:36,52.52,13.405,147474,3071,135000.0,9403.0,"Berlin, Germany",4046.119073996949,2.0824009655939357
91,04-02-2021,Germany,2021-04-03 04:20:44,52.52,13.405,147958,3081,135500.0,9377.0,"Berlin, Germany",4059.398171545089,2.082347693264305
92,04-03-2021,Germany,2021-04-04 04:20:49,52.52,13.405,148736,3082,135800.0,9854.0,"Berlin, Germany",4080.7434977691664,2.0721277969018934
93,04-04-2021,Germany,2021-04-05 04:20:35,52.52,13.405,149045,3086,136500.0,9459.0,"Berlin, Germany",4089.221268724488,2.0705156160891005
94,04-05-2021,Germany,2021-04-06 04:20:32,52.52,13.405,149239,3086,136600.0,9553.0,"Berlin, Germany",4094.543882204528,2.0678240942381008
95,04-06-2021,Germany,2021-04-07 04:20:53,52.52,13.405,149832,3090,137400.0,9342.0,"Berlin, Germany",4110.813520316196,2.062309786961397
96,04-07-2021,Germany,2021-04-08 04:21:13,52.52,13.405,150385,3098,138800.0,8487.0,"Berlin, Germany",4125.985712349506,2.060045882235596
97,04-08-2021,Germany,2021-04-09 04:21:13,52.52,13.405,151308,3110,139000.0,9198.0,"Berlin, Germany",4151.309280607635,2.0554101567663308
98,04-09-2021,Germany,2021-04-10 04:20:59,52.52,13.405,152327,3122,139800.0,9405.0,"Berlin, Germany",4179.2667194538235,2.049538164606406
99,04-10-2021,Germany,2021-04-11 04:20:56,52.52,13.405,152970,3123,140200.0,9647.0,"Berlin, Germany",4196.90816516344,2.0415767797607374
100,04-11-2021,Germany,2021-04-12 04:21:00,52.52,13.405,153463,3123,141100.0,9240.0,"Berlin, Germany",4210.434188079212,2.035018212859125
101,04-12-2021,Germany,2021-04-13 04:20:37,52.52,13.405,154002,3127,141700.0,9175.0,"Berlin, Germany",4225.222273985096,2.030493110479085
102,04-13-2021,Germany,2021-04-14 04:20:41,52.52,13.405,154679,3128,142500.0,9051.0,"Berlin, Germany",4243.796548861317,2.022252535896922
103,04-14-2021,Germany,2021-04-15 04:20:54,52.52,13.405,156006,3134,143300.0,9572.0,"Berlin, Germany",4280.204322510869,2.0088970937015245
104,04-15-2021,Germany,2021-04-16 04:20:46,52.52,13.405,157028,3143,143600.0,10285.0,"Berlin, Germany",4308.244069812935,2.001553863005324
105,04-16-2021,Germany,2021-04-17 04:20:40,52.52,13.405,158317,3147,144300.0,10870.0,"Berlin, Germany",4343.609269688045,1.9877840029813605
106,04-17-2021,Germany,2021-04-18 04:20:41,52.52,13.405,158934,3151,145200.0,10583.0,"Berlin, Germany",4360.537375446729,1.9825839656712847
107,04-18-2021,Germany,2021-04-19 04:20:57,52.52,13.405,159266,3150,145800.0,10316.0,"Berlin, Germany",4369.646177897107,1.9778232642246305
108,04-19-2021,Germany,2021-04-20 04:20:41,52.52,13.405,159779,3154,146600.0,10025.0,"Berlin, Germany",4383.720923852057,1.9739765551167547
109,04-20-2021,Germany,2021-04-21 04:21:14,52.52,13.405,160487,3163,147400.0,9924.0,"Berlin, Germany",4403.145719439008,1.9708761457314297
110,04-21-2021,Germany,2021-04-22 04:20:53,52.52,13.405,161655,3169,148400.0,10086.0,"Berlin, Germany",4435.191144927083,1.960347653954409
111,04-22-2021,Germany,2021-04-23 04:20:52,52.52,13.405,162790,3175,148700.0,10915.0,"Berlin, Germany",4466.331177400512,1.9503655015664352
112,04-23-2021,Germany,2021-04-24 04:20:38,52.52,13.405,163676,3180,149700.0,10796.0,"Berlin, Germany",4490.639608036158,1.9428627288056888
113,04-24-2021,Germany,2021-04-25 04:20:32,52.52,13.405,164116,3187,150500.0,10429.0,"Berlin, Germany",4502.711514898105,1.9419191303712011
114,04-25-2021,Germany,2021-04-26 04:21:04,52.52,13.405,164314,3188,151300.0,9826.0,"Berlin, Germany",4508.143872985981,1.940187689423908
115,04-26-2021,Germany,2021-04-27 04:20:52,52.52,13.405,165108,3193,152100.0,9815.0,"Berlin, Germany",4529.928177641402,1.9338856990575863
116,04-27-2021,Germany,2021-04-28 04:20:32,52.52,13.405,166059,3201,153000.0,9858.0,"Berlin, Germany",4556.019958154381,1.9276281321698916
117,04-28-2021,Germany,2021-04-29 04:20:55,52.52,13.405,167111,3210,153200.0,10701.0,"Berlin, Germany",4584.882790015216,1.920878936754612
118,04-29-2021,Germany,2021-04-30 04:21:03,52.52,13.405,167853,3210,154100.0,10543.0,"Berlin, Germany",4605.240414768771,1.912387624886061
119,04-30-2021,Germany,2021-05-01 04:20:47,52.52,13.405,168469,3213,155000.0,10256.0,"Berlin, Germany",4622.141084375497,1.9071758008891844
120,05-01-2021,Germany,2021-05-02 04:20:48,52.52,13.405,168969,3214,155600.0,10155.0,"Berlin, Germany",4635.85916035498,1.9021240582592076
121,05-02-2021,Germany,2021-05-03 04:20:39,52.52,13.405,169026,3216,156500.0,9310.0,"Berlin, Germany",4637.4230210166415,1.902665862056725
122,05-03-2021,Germany,2021-05-04 04:20:34,52.52,13.405,169576,3228,156700.0,9648.0,"Berlin, Germany",4652.512904594074,1.903571260083974
123,05-04-2021,Germany,2021-05-05 04:20:43,52.52,13.405,170306,3233,157500.0,9573.0,"Berlin, Germany",4672.541295524121,1.898347680058248
124,05-05-2021,Germany,2021-05-06 04:20:38,52.52,13.405,171156,3242,159200.0,8714.0,"Berlin, Germany",4695.862024689244,1.894178410339106
125,05-06-2021,Germany,2021-05-07 04:20:40,52.52,13.405,171737,3254,160200.0,8283.0,"Berlin, Germany",4711.802428977405,1.8947576818041538
126,05-07-2021,Germany,2021-05-08 04:21:04,52.52,13.405,172332,3265,160200.0,8867.0,"Berlin, Germany",4728.1269393929915,1.8945987976696144
127,05-08-2021,Germany,2021-05-09 04:20:35,52.52,13.405,172649,3301,160700.0,8648.0,"Berlin, Germany",4736.824199563985,1.9119716882229263
128,05-09-2021,Germany,2021-05-10 04:20:38,52.52,13.405,172739,3302,161800.0,7637.0,"Berlin, Germany",4739.2934532402915,1.9115544260416004
129,05-10-2021,Germany,2021-05-11 04:20:41,52.52,13.405,173192,3305,161800.0,8087.0,"Berlin, Germany",4751.7220300777035,1.9082867568940831
130,05-11-2021,Germany,2021-05-12 04:21:29,52.52,13.405,173705,3319,163600.0,6786.0,"Berlin, Germany",4765.796776032656,1.9107106876601132
131,05-12-2021,Germany,2021-05-13 04:20:51,52.52,13.405,173716,3319,163600.0,6797.0,"Berlin, Germany",4766.098573704205,1.910589698127979
132,05-13-2021,Germany,2021-05-14 04:20:41,52.52,13.405,174578,3396,164900.0,6282.0,"Berlin, Germany",4789.748536692835,1.9452622896355785
133,05-14-2021,Germany,2021-05-15 04:20:58,52.52,13.405,175019,3399,165300.0,6320.0,"Berlin, Germany",4801.84787970674,1.9420748604437232
134,05-15-2021,Germany,2021-05-16 04:20:49,52.52,13.405,175201,3399,165600.0,6202.0,"Berlin, Germany",4806.841259363273,1.9400574197635856
135,05-16-2021,Germany,2021-05-17 04:20:34,52.52,13.405,175289,3399,166300.0,5590.0,"Berlin, Germany",4809.255640735662,1.9390834564633264
136,05-17-2021,Germany,2021-05-18 04:20:33,52.52,13.405,175655,3403,166900.0,5352.0,"Berlin, Germany",4819.297272352645,1.9373203153909653
137,05-18-2021,Germany,2021-05-19 04:20:42,52.52,13.405,176035,3412,167700.0,4923.0,"Berlin, Germany",4829.723010097053,1.9382509160110208
138,05-19-2021,Germany,2021-05-20 04:21:05,52.52,13.405,176497,3416,168000.0,5081.0,"Berlin, Germany",4842.3985123020975,1.9354436619319308
139,05-20-2021,Germany,2021-05-21 04:20:43,52.52,13.405,176762,3422,168900.0,4440.0,"Berlin, Germany",4849.669092571223,1.935936456930788
140,05-21-2021,Germany,2021-05-22 04:20:45,52.52,13.405,177033,3429,169100.0,4504.0,"Berlin, Germany",4857.104289752104,1.9369270136076324
141,05-22-2021,Germany,2021-05-23 04:20:51,52.52,13.405,177184,3438,169400.0,4346.0,"Berlin, Germany",4861.2471486979075,1.940355788333032
142,05-23-2021,Germany,2021-05-24 04:20:53,52.52,13.405,177243,3439,169900.0,3904.0,"Berlin, Germany",4862.865881663487,1.9402740869879205
143,05-24-2021,Germany,2021-05-25 04:21:08,52.52,13.405,177310,3440,170200.0,3670.0,"Berlin, Germany",4864.704103844738,1.940104901020811
144,05-25-2021,Germany,2021-05-26 04:20:35,52.52,13.405,177536,3454,170800.0,3282.0,"Berlin, Germany",4870.904674187465,1.9455209084354723
145,05-26-2021,Germany,2021-05-27 04:20:59,52.52,13.405,177709,3460,171000.0,3249.0,"Berlin, Germany",4875.651128476367,1.947003246881137
146,05-27-2021,Germany,2021-05-28 04:20:36,52.52,13.405,177939,3465,171400.0,3074.0,"Berlin, Germany",4881.961443426929,1.9472965454453488
147,05-28-2021,Germany,2021-05-29 04:20:41,52.52,13.405,178222,3482,171500.0,3240.0,"Berlin, Germany",4889.725874431318,1.9537430844676864
148,05-29-2021,Germany,2021-05-30 04:20:55,52.52,13.405,178317,3482,171600.0,3235.0,"Berlin, Germany",4892.332308867419,1.9527022101089635
149,11-09-2020,Germany,2020-11-10 05:40:07,52.52,13.405,40460,301,25569.0,14590.0,"Berlin, Germany",1110.066708259873,0.7439446366782007
150,11-10-2020,Germany,2020-11-11 05:25:30,52.52,13.405,42014,314,26401.0,15299.0,"Berlin, Germany",1152.7024884041105,0.7473699243109441
151,11-11-2020,Germany,2020-11-12 05:25:55,52.52,13.405,43146,321,27085.0,15740.0,"Berlin, Germany",1183.760212421663,0.7439855374774023
152,11-12-2020,Germany,2020-11-13 05:25:30,52.52,13.405,45106,334,27943.0,16829.0,"Berlin, Germany",1237.5350702612413,0.7404779851904403
153,11-13-2020,Germany,2020-11-14 05:25:37,52.52,13.405,46434,348,28424.0,17662.0,"Berlin, Germany",1273.9702800627522,0.7494508334410129
154,11-14-2020,Germany,2020-11-15 05:26:53,52.52,13.405,47265,358,28923.0,17984.0,"Berlin, Germany",1296.7697223406547,0.757431503226489
155,11-15-2020,Germany,2020-11-16 05:25:57,52.52,13.405,47697,363,29700.0,17634.0,"Berlin, Germany",1308.6221399869294,0.7610541543493301
156,11-16-2020,Germany,2020-11-17 05:25:54,52.52,13.405,49039,371,29927.0,18741.0,"Berlin, Germany",1345.4414559158654,0.7565407124941373
157,11-17-2020,Germany,2020-11-18 05:40:31,52.52,13.405,50611,394,30940.0,19277.0,"Berlin, Germany",1388.5710867953644,0.7784868902017348
158,11-18-2020,Germany,2020-11-19 05:25:23,52.52,13.405,52068,401,31806.0,19861.0,"Berlin, Germany",1428.5455601995816,0.7701467311976646
159,11-19-2020,Germany,2020-11-20 05:26:28,52.52,13.405,53315,422,32827.0,20066.0,"Berlin, Germany",1462.7584416924155,0.7915220857169653
160,11-20-2020,Germany,2020-11-21 05:25:51,52.52,13.405,55018,441,33850.0,20727.0,"Berlin, Germany",1509.4822084785392,0.8015558544476353
161,11-21-2020,Germany,2020-11-22 05:25:45,52.52,13.405,56068,447,34803.0,20818.0,"Berlin, Germany",1538.2901680354562,0.7972462010415924
162,11-22-2020,Germany,2020-11-23 05:25:26,52.52,13.405,56504,449,35781.0,20274.0,"Berlin, Germany",1550.2523302895665,0.7946340082118081
163,11-23-2020,Germany,2020-11-24 05:27:31,52.52,13.405,57309,456,36876.0,19977.0,"Berlin, Germany",1572.3384326165365,0.795686541380935
164,11-24-2020,Germany,2020-11-25 05:27:20,52.52,13.405,58924,492,38117.0,20315.0,"Berlin, Germany",1616.6478180302704,0.8349738646391962
165,11-25-2020,Germany,2020-11-26 05:27:44,52.52,13.405,60554,508,39260.0,20786.0,"Berlin, Germany",1661.3687457233898,0.8389206328235954
166,11-26-2020,Germany,2020-11-27 05:26:53,52.52,13.405,61664,527,40528.0,20609.0,"Berlin, Germany",1691.8228743978448,0.8546315516346653
167,11-27-2020,Germany,2020-11-28 05:25:50,52.52,13.405,63064,539,41246.0,21279.0,"Berlin, Germany",1730.2334871404016,0.8546873017886591
168,11-28-2020,Germany,2020-11-29 05:25:55,52.52,13.405,63064,539,41780.0,20745.0,"Berlin, Germany",1730.2334871404016,0.8546873017886591
169,11-29-2020,Germany,2020-11-30 05:26:13,52.52,13.405,64220,553,43227.0,20440.0,"Berlin, Germany",1761.949678804969,0.8611024602927437
170,11-30-2020,Germany,2020-12-01 05:26:18,52.52,13.405,65145,565,44614.0,19966.0,"Berlin, Germany",1787.328119367015,0.8672960319287742
171,12-01-2020,Germany,2020-12-02 05:27:41,52.52,13.405,66306,594,45910.0,19802.0,"Berlin, Germany",1819.1814917913773,0.8958465297258167
172,12-02-2020,Germany,2020-12-03 05:28:22,52.52,13.405,67264,618,47197.0,19449.0,"Berlin, Germany",1845.4653253680692,0.9187678401522359
173,12-03-2020,Germany,2020-12-04 05:27:27,52.52,13.405,68508,641,48499.0,19368.0,"Berlin, Germany",1879.595898405027,0.935657149529982
174,12-04-2020,Germany,2020-12-05 05:27:36,52.52,13.405,69768,657,49231.0,19880.0,"Berlin, Germany",1914.165449873328,0.9416924664602684
175,12-05-2020,Germany,2020-12-06 05:26:18,52.52,13.405,71088,679,49705.0,20704.0,"Berlin, Germany",1950.381170459166,0.9551541751069096
176,12-06-2020,Germany,2020-12-07 05:26:14,52.52,13.405,71443,683,51095.0,19665.0,"Berlin, Germany",1960.1210044046,0.9560068866089051
177,12-07-2020,Germany,2020-12-08 05:27:42,52.52,13.405,72083,699,52363.0,19021.0,"Berlin, Germany",1977.6801416583398,0.9697154668923323
178,12-08-2020,Germany,2020-12-09 05:28:01,52.52,13.405,73431,732,53921.0,18778.0,"Berlin, Germany",2014.6640744990293,0.996854189647424
179,12-09-2020,Germany,2020-12-10 05:26:19,52.52,13.405,74554,749,55369.0,18436.0,"Berlin, Germany",2045.4748731489515,1.0046409314054243
180,12-10-2020,Germany,2020-12-11 05:26:59,52.52,13.405,76210,768,56840.0,18602.0,"Berlin, Germany",2090.909140793004,1.0077417661724184
181,12-11-2020,Germany,2020-12-12 05:26:19,52.52,13.405,77212,790,57526.0,18896.0,"Berlin, Germany",2118.4001650558903,1.0231570222245248
182,12-12-2020,Germany,2020-12-13 05:27:20,52.52,13.405,78250,813,58198.0,19239.0,"Berlin, Germany",2146.8788907892995,1.0389776357827476
183,12-13-2020,Germany,2020-12-14 05:26:27,52.52,13.405,78798,821,59421.0,18556.0,"Berlin, Germany",2161.9139020628145,1.0419046168684485
184,12-14-2020,Germany,2020-12-15 05:26:38,52.52,13.405,79807,846,60703.0,18258.0,"Berlin, Germany",2189.5969793894133,1.0600573884496347
185,12-15-2020,Germany,2020-12-16 05:28:04,52.52,13.405,80936,899,61914.0,18123.0,"Berlin, Germany",2220.57239495109,1.1107541761391715
186,12-16-2020,Germany,2020-12-17 05:28:12,52.52,13.405,82253,929,63184.0,18140.0,"Berlin, Germany",2256.7058070810517,1.1294420872187032
187,12-17-2020,Germany,2020-12-18 05:28:18,52.52,13.405,83697,959,64529.0,18209.0,"Berlin, Germany",2296.323610509802,1.1457997299783744
188,12-18-2020,Germany,2020-12-19 05:27:52,52.52,13.405,85244,985,65235.0,19024.0,"Berlin, Germany",2338.7673375903273,1.155506545915255
189,12-19-2020,Germany,2020-12-20 05:27:32,52.52,13.405,86564,1001,65841.0,19722.0,"Berlin, Germany",2374.983058176165,1.156369853518784
190,12-20-2020,Germany,2020-12-21 05:27:58,52.52,13.405,87077,1007,67026.0,19044.0,"Berlin, Germany",2389.0578041311164,1.1564477416539385
191,12-21-2020,Germany,2020-12-22 05:22:33,52.52,13.405,88030,1024,68163.0,18843.0,"Berlin, Germany",2415.2044569480136,1.163239804612064
192,12-22-2020,Germany,2020-12-23 05:22:03,52.52,13.405,89534,1066,69394.0,19074.0,"Berlin, Germany",2456.468429494302,1.1906091540643775
193,12-23-2020,Germany,2020-12-24 05:23:04,52.52,13.405,91127,1105,70636.0,19386.0,"Berlin, Germany",2500.1742195649394,1.2125934135876304
194,12-24-2020,Germany,2020-12-25 05:22:48,52.52,13.405,92079,1116,71848.0,19115.0,"Berlin, Germany",2526.293436229877,1.2120027367803734
195,12-25-2020,Germany,2020-12-26 05:22:28,52.52,13.405,92357,1118,72427.0,18812.0,"Berlin, Germany",2533.920686474471,1.2105200472081163
196,12-26-2020,Germany,2020-12-27 05:22:55,52.52,13.405,92992,1128,72771.0,19093.0,"Berlin, Germany",2551.342642968416,1.213007570543703
197,12-27-2020,Germany,2020-12-28 05:22:06,52.52,13.405,93807,1149,73754.0,18904.0,"Berlin, Germany",2573.7031068149754,1.2248552879849053
198,12-28-2020,Germany,2020-12-29 05:22:37,52.52,13.405,94453,1172,74744.0,18537.0,"Berlin, Germany",2591.426860980469,1.2408287719818325
199,12-29-2020,Germany,2020-12-30 05:22:34,52.52,13.405,95740,1213,75918.0,18609.0,"Berlin, Germany",2626.737188551662,1.2669730520158764
200,12-30-2020,Germany,2020-12-31 05:22:49,52.52,13.405,96799,1247,77315.0,18237.0,"Berlin, Germany",2655.792073476209,1.2882364487236435
201,12-31-2020,Germany,2021-01-01 05:23:07,52.52,13.405,97445,1271,77560.0,18614.0,"Berlin, Germany",2673.515827641704,1.304325516958284
